{"stats":{"minecraft:used":{"minecraft:beetroot":4,"minecraft:iron_shovel":496,"minecraft:spruce_slab":77,"minecraft:ladder":12,"minecraft:poppy":38,"minecraft:chest":16,"minecraft:shield":11,"minecraft:stone":106,"minecraft:bell":2,"minecraft:rotten_flesh":2,"minecraft:iron_chestplate":1,"minecraft:carrot":30,"minecraft:axolotl_bucket":2,"minecraft:snowball":201,"minecraft:spruce_boat":3,"minecraft:glass":4,"minecraft:lava_bucket":27,"minecraft:lantern":21,"minecraft:iron_helmet":1,"minecraft:stone_brick_stairs":18,"minecraft:stone_bricks":169,"minecraft:red_carpet":2,"minecraft:bow":43,"minecraft:dark_oak_boat":1,"minecraft:furnace":17,"minecraft:beetroot_seeds":28,"minecraft:potato":171,"minecraft:diorite":35,"minecraft:spruce_door":9,"minecraft:stone_pickaxe":151,"minecraft:oak_planks":1,"minecraft:wooden_pickaxe":28,"minecraft:diamond_axe":426,"minecraft:composter":3,"minecraft:sugar_cane":2,"minecraft:blue_bed":11,"minecraft:golden_apple":1,"minecraft:glow_berries":3,"minecraft:blast_furnace":4,"minecraft:dripstone_block":18,"minecraft:pumpkin_seeds":6,"minecraft:stone_button":4,"minecraft:bread":4,"minecraft:lectern":1,"minecraft:iron_door":3,"minecraft:oak_pressure_plate":2,"minecraft:gravel":1,"minecraft:grindstone":2,"minecraft:andesite":48,"minecraft:bone_meal":48,"minecraft:diorite_slab":3,"minecraft:oak_fence":5,"minecraft:enchanting_table":2,"minecraft:iron_bars":5,"minecraft:flint_and_steel":48,"minecraft:stone_shovel":50,"minecraft:light_gray_carpet":1,"minecraft:spruce_planks":8,"minecraft:stone_hoe":44,"minecraft:brewing_stand":1,"minecraft:torch":407,"minecraft:dirt":385,"minecraft:spyglass":4,"minecraft:anvil":1,"minecraft:white_carpet":1,"minecraft:hopper":6,"minecraft:stone_stairs":4,"minecraft:spruce_fence":1,"minecraft:granite":14,"minecraft:polished_diorite":28,"minecraft:bookshelf":25,"minecraft:iron_axe":679,"minecraft:iron_boots":2,"minecraft:barrel":7,"minecraft:smooth_basalt":3,"minecraft:light_gray_wool":1,"minecraft:glowstone":6,"minecraft:cooked_beef":38,"minecraft:cobbled_deepslate":63,"minecraft:light_gray_bed":2,"minecraft:pointed_dripstone":11,"minecraft:calcite":7,"minecraft:wheat_seeds":280,"minecraft:cooked_mutton":4,"minecraft:water_bucket":38,"minecraft:amethyst_block":5,"minecraft:cobblestone_stairs":4,"minecraft:snow_block":2,"minecraft:baked_potato":73,"minecraft:cauldron":14,"minecraft:fletching_table":4,"minecraft:crafting_table":31,"minecraft:red_bed":4,"minecraft:white_bed":12,"minecraft:spruce_log":8,"minecraft:smoker":10,"minecraft:wooden_hoe":5,"minecraft:diamond_pickaxe":1136,"minecraft:apple":1,"minecraft:iron_pickaxe":3788,"minecraft:spruce_sapling":13,"minecraft:stone_axe":216,"minecraft:fishing_rod":56,"minecraft:cobblestone":909,"minecraft:cooked_porkchop":20,"minecraft:bucket":73,"minecraft:splash_potion":1,"minecraft:smooth_stone":6},"minecraft:killed":{"minecraft:zombified_piglin":5,"minecraft:spider":8,"minecraft:skeleton":3,"minecraft:piglin":1,"minecraft:pig":5,"minecraft:iron_golem":1,"minecraft:creeper":1,"minecraft:sheep":20,"minecraft:pillager":2,"minecraft:zombie":32,"minecraft:stray":4,"minecraft:cow":29,"minecraft:phantom":4,"minecraft:drowned":9,"minecraft:rabbit":1,"minecraft:hoglin":2,"minecraft:enderman":4},"minecraft:mined":{"minecraft:large_amethyst_bud":1,"minecraft:spruce_planks":128,"minecraft:white_bed":12,"minecraft:farmland":1,"minecraft:cobblestone_stairs":6,"minecraft:brewing_stand":1,"minecraft:granite":104,"minecraft:budding_amethyst":2,"minecraft:grass_block":294,"minecraft:light_gray_bed":1,"minecraft:oak_pressure_plate":2,"minecraft:polished_diorite":34,"minecraft:composter":1,"minecraft:hopper":4,"minecraft:smooth_stone":2,"minecraft:glowstone":1,"minecraft:cobbled_deepslate":7,"minecraft:iron_ore":488,"minecraft:barrel":7,"minecraft:pumpkin":29,"minecraft:deepslate_lapis_ore":1,"minecraft:fletching_table":1,"minecraft:enchanting_table":1,"minecraft:pointed_dripstone":4,"minecraft:water_cauldron":1,"minecraft:dirt_path":39,"minecraft:iron_bars":5,"minecraft:spruce_slab":45,"minecraft:deepslate_redstone_ore":6,"minecraft:brown_mushroom":1,"minecraft:red_bed":4,"minecraft:kelp_plant":2,"minecraft:smoker":9,"minecraft:amethyst_cluster":2,"minecraft:torch":17,"minecraft:blast_furnace":2,"minecraft:calcite":8,"minecraft:poppy":42,"minecraft:chest":10,"minecraft:glass":4,"minecraft:cobblestone":207,"minecraft:grindstone":1,"minecraft:sugar_cane":146,"minecraft:oak_planks":19,"minecraft:iron_door":4,"minecraft:wall_torch":24,"minecraft:amethyst_block":24,"minecraft:cauldron":8,"minecraft:stone_stairs":1,"minecraft:nether_wart_block":1,"minecraft:wheat":105,"minecraft:blue_ice":4,"minecraft:pumpkin_stem":8,"minecraft:light_gray_wool":21,"minecraft:stone_brick_stairs":6,"minecraft:grass":74,"minecraft:oak_log":48,"minecraft:beetroots":14,"minecraft:sand":3,"minecraft:dirt":212,"minecraft:smooth_basalt":5,"minecraft:stonecutter":1,"minecraft:oak_leaves":1,"minecraft:deepslate":293,"minecraft:diamond_ore":19,"minecraft:red_carpet":2,"minecraft:tuff":10,"minecraft:deepslate_diamond_ore":7,"minecraft:dark_oak_log":3,"minecraft:glow_lichen":1,"minecraft:ladder":3,"minecraft:spruce_fence":8,"minecraft:spruce_leaves":62,"minecraft:cartography_table":1,"minecraft:large_fern":1,"minecraft:diorite_slab":2,"minecraft:redstone_ore":13,"minecraft:spruce_sapling":1,"minecraft:furnace":15,"minecraft:carrots":25,"minecraft:snow":81,"minecraft:andesite":147,"minecraft:stripped_spruce_log":263,"minecraft:bell":3,"minecraft:bookshelf":7,"minecraft:potatoes":151,"minecraft:deepslate_iron_ore":28,"minecraft:rail":1,"minecraft:potted_spruce_sapling":1,"minecraft:packed_ice":21,"minecraft:stone":2563,"minecraft:light_gray_carpet":1,"minecraft:glass_pane":8,"minecraft:snow_block":35,"minecraft:spruce_door":10,"minecraft:oak_fence":3,"minecraft:crafting_table":27,"minecraft:copper_ore":23,"minecraft:deepslate_coal_ore":7,"minecraft:lapis_ore":18,"minecraft:deepslate_gold_ore":9,"minecraft:diorite":160,"minecraft:blue_bed":13,"minecraft:spruce_stairs":29,"minecraft:stripped_spruce_wood":141,"minecraft:sweet_berry_bush":1,"minecraft:ice":13,"minecraft:white_carpet":1,"minecraft:spruce_log":112,"minecraft:coal_ore":522,"minecraft:gravel":67,"minecraft:dripstone_block":20,"minecraft:stone_bricks":18,"minecraft:gold_ore":100,"minecraft:fern":2},"minecraft:picked_up":{"minecraft:iron_chestplate":6,"minecraft:wheat":97,"minecraft:flower_pot":1,"minecraft:stone_brick_stairs":6,"minecraft:brewing_stand":1,"minecraft:amethyst_block":38,"minecraft:string":5,"minecraft:raw_copper":58,"minecraft:iron_leggings":3,"minecraft:beetroot":4,"minecraft:gold_nugget":7,"minecraft:cobbled_deepslate":346,"minecraft:smooth_stone":5,"minecraft:bucket":3,"minecraft:spruce_planks":155,"minecraft:calcite":8,"minecraft:iron_pickaxe":10,"minecraft:coal_block":6,"minecraft:furnace":18,"minecraft:iron_boots":6,"minecraft:tipped_arrow":5,"minecraft:stick":41,"minecraft:composter":1,"minecraft:oak_fence":9,"minecraft:torch":270,"minecraft:spruce_stairs":29,"minecraft:porkchop":13,"minecraft:pointed_dripstone":14,"minecraft:diorite":166,"minecraft:cauldron":9,"minecraft:rotten_flesh":59,"minecraft:light_gray_bed":1,"minecraft:cod":2,"minecraft:iron_bars":9,"minecraft:snowball":386,"minecraft:cobblestone":2623,"minecraft:enchanting_table":1,"minecraft:cooked_beef":47,"minecraft:iron_door":4,"minecraft:water_bucket":1,"minecraft:andesite":169,"minecraft:smoker":9,"minecraft:potato":522,"minecraft:flint":14,"minecraft:tuff":3,"minecraft:stripped_spruce_wood":136,"minecraft:lapis_lazuli":234,"minecraft:dirt":628,"minecraft:lantern":7,"minecraft:leather_boots":2,"minecraft:glass":6,"minecraft:bone":16,"minecraft:stonecutter":1,"minecraft:bow":7,"minecraft:wheat_seeds":289,"minecraft:raw_gold":128,"minecraft:bell":3,"minecraft:grindstone":1,"minecraft:glowstone_dust":4,"minecraft:fletching_table":1,"minecraft:oak_planks":19,"minecraft:cooked_porkchop":26,"minecraft:oak_pressure_plate":4,"minecraft:poisonous_potato":1,"minecraft:sand":4,"minecraft:stripped_spruce_log":263,"minecraft:dark_oak_log":2,"minecraft:barrel":7,"minecraft:diamond":33,"minecraft:spruce_boat":2,"minecraft:granite":98,"minecraft:bone_meal":11,"minecraft:light_gray_carpet":1,"minecraft:diamond_pickaxe":5,"minecraft:charcoal":2,"minecraft:crafting_table":31,"minecraft:ladder":7,"minecraft:brown_mushroom":1,"minecraft:diorite_slab":5,"minecraft:stone_stairs":6,"minecraft:red_bed":6,"minecraft:iron_axe":10,"minecraft:flint_and_steel":1,"minecraft:white_carpet":1,"minecraft:iron_shovel":3,"minecraft:cartography_table":1,"minecraft:beef":61,"minecraft:spruce_slab":49,"minecraft:poppy":45,"minecraft:light_gray_wool":38,"minecraft:sugar_cane":308,"minecraft:chest":12,"minecraft:phantom_membrane":2,"minecraft:raw_iron":628,"minecraft:stone":311,"minecraft:copper_ingot":1,"minecraft:spruce_fence":6,"minecraft:carrot":96,"minecraft:redstone":128,"minecraft:diamond_chestplate":1,"minecraft:arrow":120,"minecraft:pumpkin_pie":1,"minecraft:beetroot_seeds":29,"minecraft:mutton":28,"minecraft:rail":5,"minecraft:white_wool":22,"minecraft:glow_ink_sac":6,"minecraft:salmon":1,"minecraft:leather":23,"minecraft:filled_map":2,"minecraft:oak_log":85,"minecraft:lily_pad":11,"minecraft:nether_wart_block":1,"minecraft:cobblestone_stairs":8,"minecraft:blue_bed":13,"minecraft:cooked_mutton":4,"minecraft:red_carpet":2,"minecraft:stone_bricks":18,"minecraft:rabbit_hide":2,"minecraft:iron_ingot":128,"minecraft:book":21,"minecraft:smooth_basalt":5,"minecraft:pumpkin":29,"minecraft:sweet_berries":3,"minecraft:dripstone_block":19,"minecraft:gravel":71,"minecraft:lava_bucket":1,"minecraft:amethyst_shard":12,"minecraft:spruce_sapling":16,"minecraft:blast_furnace":2,"minecraft:white_bed":12,"minecraft:spruce_log":109,"minecraft:spruce_door":18,"minecraft:spider_eye":5,"minecraft:pumpkin_seeds":6,"minecraft:polished_diorite":82,"minecraft:stone_axe":2,"minecraft:iron_helmet":5,"minecraft:diamond_axe":3,"minecraft:baked_potato":187,"minecraft:coal":700,"minecraft:hopper":4,"minecraft:ender_pearl":7},"minecraft:broken":{"minecraft:iron_shovel":1,"minecraft:stone_pickaxe":1,"minecraft:stone_axe":1,"minecraft:iron_axe":2,"minecraft:iron_pickaxe":12},"minecraft:dropped":{"minecraft:porkchop":3,"minecraft:diamond_axe":1,"minecraft:lapis_lazuli":110,"minecraft:oak_pressure_plate":2,"minecraft:cooked_beef":3,"minecraft:baked_potato":2,"minecraft:ender_pearl":1,"minecraft:diamond":13,"minecraft:rail":12,"minecraft:cobblestone_stairs":2,"minecraft:flint":1,"minecraft:dirt":78,"minecraft:red_bed":1,"minecraft:snowball":59,"minecraft:gold_nugget":4,"minecraft:amethyst_shard":2,"minecraft:axolotl_bucket":1,"minecraft:sand":2,"minecraft:iron_pickaxe":3,"minecraft:dark_oak_planks":3,"minecraft:bone":4,"minecraft:gravel":11,"minecraft:stone_axe":3,"minecraft:spyglass":2,"minecraft:iron_nugget":1,"minecraft:pointed_dripstone":2,"minecraft:rotten_flesh":18,"minecraft:stone_stairs":5,"minecraft:carrot":1,"minecraft:poppy":3,"minecraft:beetroot_seeds":1,"minecraft:ladder":2,"minecraft:spruce_slab":1,"minecraft:iron_ingot":1,"minecraft:oak_slab":5,"minecraft:wheat_seeds":5,"minecraft:cobblestone":259,"minecraft:amethyst_block":7,"minecraft:granite":2,"minecraft:copper_ingot":1,"minecraft:spruce_door":2,"minecraft:spruce_stairs":2,"minecraft:stick":6,"minecraft:diorite":26,"minecraft:wooden_hoe":1,"minecraft:torch":42,"minecraft:nether_wart_block":1,"minecraft:iron_axe":4,"minecraft:iron_shovel":1,"minecraft:bucket":1,"minecraft:spruce_sapling":2,"minecraft:raw_copper":11,"minecraft:tuff":1,"minecraft:raw_iron":96,"minecraft:iron_boots":1,"minecraft:filled_map":3,"minecraft:diamond_pickaxe":3,"minecraft:andesite":9,"minecraft:bow":3,"minecraft:stone_pickaxe":1,"minecraft:raw_gold":27,"minecraft:calcite":1},"minecraft:killed_by":{"minecraft:zombified_piglin":1,"minecraft:creeper":3,"minecraft:vindicator":1,"minecraft:cave_spider":1,"minecraft:stray":2,"minecraft:skeleton":1},"minecraft:custom":{"minecraft:animals_bred":32,"minecraft:interact_with_crafting_table":162,"minecraft:open_barrel":163,"minecraft:bell_ring":77,"minecraft:leave_game":25,"minecraft:time_since_death":15059,"minecraft:sprint_one_cm":2029683,"minecraft:damage_blocked_by_shield":590,"minecraft:drop":171,"minecraft:talked_to_villager":80,"minecraft:play_time":919022,"minecraft:deaths":11,"minecraft:jump":12128,"minecraft:interact_with_brewingstand":6,"minecraft:walk_on_water_one_cm":135817,"minecraft:enchant_item":3,"minecraft:interact_with_furnace":161,"minecraft:traded_with_villager":161,"minecraft:sleep_in_bed":24,"minecraft:damage_dealt":20413,"minecraft:crouch_one_cm":103351,"minecraft:interact_with_smoker":51,"minecraft:use_cauldron":17,"minecraft:interact_with_anvil":2,"minecraft:mob_kills":133,"minecraft:inspect_hopper":4,"minecraft:fill_cauldron":2,"minecraft:climb_one_cm":33543,"minecraft:walk_one_cm":2211019,"minecraft:sneak_time":38242,"minecraft:walk_under_water_one_cm":57740,"minecraft:boat_one_cm":888974,"minecraft:interact_with_blast_furnace":41,"minecraft:total_world_time":919022,"minecraft:interact_with_grindstone":1,"minecraft:time_since_rest":15085,"minecraft:damage_taken":9347,"minecraft:swim_one_cm":76588,"minecraft:fly_one_cm":2270456,"minecraft:open_chest":396,"minecraft:fish_caught":3,"minecraft:fall_one_cm":245425},"minecraft:crafted":{"minecraft:grindstone":1,"minecraft:oak_planks":44,"minecraft:smooth_stone":15,"minecraft:dark_oak_boat":1,"minecraft:stone":168,"minecraft:bookshelf":26,"minecraft:glass":7,"minecraft:hopper":2,"minecraft:bow":11,"minecraft:iron_boots":3,"minecraft:chest":10,"minecraft:stone_hoe":1,"minecraft:stone_bricks":164,"minecraft:smoker":1,"minecraft:oak_slab":12,"minecraft:arrow":176,"minecraft:emerald":115,"minecraft:cauldron":5,"minecraft:cooked_porkchop":10,"minecraft:diamond_axe":1,"minecraft:crafting_table":9,"minecraft:spruce_planks":1728,"minecraft:baked_potato":29,"minecraft:wooden_pickaxe":2,"minecraft:iron_helmet":3,"minecraft:copper_ingot":4,"minecraft:fletching_table":3,"minecraft:light_gray_bed":1,"minecraft:stone_brick_stairs":12,"minecraft:lectern":1,"minecraft:diamond_pickaxe":1,"minecraft:iron_chestplate":3,"minecraft:book":23,"minecraft:paper":219,"minecraft:charcoal":2,"minecraft:shield":1,"minecraft:stick":3664,"minecraft:stone_slab":6,"minecraft:iron_ingot":392,"minecraft:iron_pickaxe":15,"minecraft:iron_block":3,"minecraft:snow_block":11,"minecraft:gold_ingot":29,"minecraft:composter":2,"minecraft:coal":9,"minecraft:stone_shovel":1,"minecraft:fishing_rod":1,"minecraft:iron_nugget":9,"minecraft:spyglass":2,"minecraft:furnace":6,"minecraft:stone_button":4,"minecraft:blast_furnace":3,"minecraft:bone_meal":33,"minecraft:stone_stairs":4,"minecraft:lantern":13,"minecraft:iron_axe":5,"minecraft:ladder":9,"minecraft:spruce_slab":48,"minecraft:stone_pickaxe":2,"minecraft:spruce_boat":1,"minecraft:dark_oak_planks":8,"minecraft:cooked_beef":55,"minecraft:coal_block":19,"minecraft:enchanting_table":1,"minecraft:bucket":8,"minecraft:stone_axe":3,"minecraft:glowstone":6,"minecraft:bread":3,"minecraft:air":0,"minecraft:iron_shovel":3,"minecraft:iron_leggings":3,"minecraft:anvil":1,"minecraft:torch":264,"minecraft:diamond_chestplate":1}},"DataVersion":2730}