{"stats":{"minecraft:used":{"minecraft:beetroot":2,"minecraft:jack_o_lantern":4,"minecraft:iron_shovel":1189,"minecraft:spruce_slab":40,"minecraft:poppy":29,"minecraft:chest":13,"minecraft:shield":86,"minecraft:stone":949,"minecraft:iron_sword":307,"minecraft:rotten_flesh":2,"minecraft:iron_chestplate":1,"minecraft:carrot":5,"minecraft:tuff":3,"minecraft:axolotl_bucket":2,"minecraft:snowball":8,"minecraft:obsidian":14,"minecraft:glass":103,"minecraft:lava_bucket":3,"minecraft:lantern":5,"minecraft:grass_block":3,"minecraft:stone_bricks":40,"minecraft:furnace":2,"minecraft:beetroot_seeds":11,"minecraft:potato":176,"minecraft:stripped_spruce_wood":2,"minecraft:diorite":55,"minecraft:spruce_door":5,"minecraft:red_stained_glass":6,"minecraft:oak_planks":34,"minecraft:composter":1,"minecraft:sugar_cane":13,"minecraft:shears":10,"minecraft:pumpkin_seeds":32,"minecraft:bread":11,"minecraft:oak_pressure_plate":10,"minecraft:iron_door":5,"minecraft:gravel":38,"minecraft:coal_block":1,"minecraft:wooden_sword":12,"minecraft:chain":45,"minecraft:andesite":20,"minecraft:oak_boat":1,"minecraft:bone_meal":24,"minecraft:diorite_slab":77,"minecraft:oak_fence":8,"minecraft:oak_trapdoor":1,"minecraft:enchanting_table":2,"minecraft:iron_bars":21,"minecraft:granite_stairs":36,"minecraft:flint_and_steel":17,"minecraft:carved_pumpkin":7,"minecraft:stone_shovel":81,"minecraft:spruce_planks":107,"minecraft:wooden_shovel":47,"minecraft:stone_hoe":92,"minecraft:oak_door":2,"minecraft:torch":363,"minecraft:dirt":1110,"minecraft:spruce_stairs":27,"minecraft:stone_stairs":27,"minecraft:spruce_fence":34,"minecraft:granite":48,"minecraft:polished_diorite":35,"minecraft:bookshelf":12,"minecraft:iron_axe":237,"minecraft:barrel":18,"minecraft:cooked_beef":7,"minecraft:cobbled_deepslate":5,"minecraft:pumpkin":10,"minecraft:iron_leggings":1,"minecraft:wheat_seeds":150,"minecraft:water_bucket":108,"minecraft:amethyst_block":2,"minecraft:cobblestone_stairs":84,"minecraft:snow_block":12,"minecraft:baked_potato":169,"minecraft:cartography_table":1,"minecraft:rail":2,"minecraft:crafting_table":19,"minecraft:red_bed":2,"minecraft:white_bed":5,"minecraft:spruce_log":34,"minecraft:smoker":1,"minecraft:wooden_hoe":39,"minecraft:diamond_pickaxe":21,"minecraft:iron_pickaxe":3682,"minecraft:stone_slab":28,"minecraft:spruce_sapling":8,"minecraft:stone_axe":50,"minecraft:cobblestone":417,"minecraft:cooked_porkchop":5,"minecraft:bucket":122,"minecraft:dandelion":13,"minecraft:smooth_stone":2},"minecraft:killed":{"minecraft:cave_spider":4,"minecraft:spider":10,"minecraft:skeleton":7,"minecraft:piglin":1,"minecraft:pig":7,"minecraft:zombie_villager":1,"minecraft:creeper":2,"minecraft:pillager":2,"minecraft:zombie":26,"minecraft:stray":4,"minecraft:phantom":3,"minecraft:drowned":2,"minecraft:rabbit":1,"minecraft:hoglin":6,"minecraft:enderman":3},"minecraft:mined":{"minecraft:spruce_planks":25,"minecraft:white_bed":4,"minecraft:farmland":18,"minecraft:cobblestone_stairs":42,"minecraft:carved_pumpkin":11,"minecraft:obsidian":19,"minecraft:granite":193,"minecraft:grass_block":350,"minecraft:oak_pressure_plate":6,"minecraft:coal_block":1,"minecraft:polished_diorite":13,"minecraft:crimson_fungus":1,"minecraft:composter":1,"minecraft:smooth_stone":4,"minecraft:weeping_vines_plant":3,"minecraft:glowstone":10,"minecraft:fire":9,"minecraft:iron_ore":272,"minecraft:barrel":18,"minecraft:pumpkin":7,"minecraft:deepslate_lapis_ore":2,"minecraft:enchanting_table":2,"minecraft:dirt_path":2,"minecraft:iron_bars":7,"minecraft:granite_stairs":12,"minecraft:spruce_slab":7,"minecraft:deepslate_redstone_ore":14,"minecraft:red_bed":2,"minecraft:crimson_nylium":17,"minecraft:smoker":1,"minecraft:torch":11,"minecraft:calcite":32,"minecraft:poppy":41,"minecraft:chest":5,"minecraft:nether_quartz_ore":69,"minecraft:glass":1,"minecraft:cobblestone":238,"minecraft:sugar_cane":3,"minecraft:oak_planks":12,"minecraft:iron_door":2,"minecraft:wall_torch":45,"minecraft:amethyst_block":2,"minecraft:stone_stairs":6,"minecraft:chain":9,"minecraft:nether_wart_block":1,"minecraft:wheat":107,"minecraft:pumpkin_stem":21,"minecraft:grass":69,"minecraft:beetroots":8,"minecraft:sand":118,"minecraft:dirt":864,"minecraft:smooth_basalt":5,"minecraft:netherrack":73,"minecraft:nether_gold_ore":1,"minecraft:deepslate":103,"minecraft:attached_pumpkin_stem":2,"minecraft:diamond_ore":3,"minecraft:tuff":2,"minecraft:red_stained_glass":6,"minecraft:spruce_fence":18,"minecraft:crimson_roots":9,"minecraft:weeping_vines":2,"minecraft:spruce_leaves":24,"minecraft:kelp":1,"minecraft:diorite_slab":18,"minecraft:redstone_ore":6,"minecraft:furnace":2,"minecraft:carrots":2,"minecraft:snow":58,"minecraft:andesite":138,"minecraft:bookshelf":12,"minecraft:potatoes":112,"minecraft:deepslate_iron_ore":3,"minecraft:lantern":1,"minecraft:stone":1554,"minecraft:spruce_door":3,"minecraft:dandelion":13,"minecraft:oak_fence":12,"minecraft:crafting_table":17,"minecraft:campfire":1,"minecraft:stone_slab":4,"minecraft:copper_ore":9,"minecraft:deepslate_coal_ore":7,"minecraft:lapis_ore":4,"minecraft:deepslate_gold_ore":6,"minecraft:diorite":385,"minecraft:blue_bed":1,"minecraft:spruce_stairs":16,"minecraft:stripped_spruce_wood":2,"minecraft:ice":8,"minecraft:spruce_log":79,"minecraft:coal_ore":367,"minecraft:gravel":64,"minecraft:cobweb":17,"minecraft:stone_bricks":5,"minecraft:gold_ore":7},"minecraft:picked_up":{"minecraft:iron_chestplate":15,"minecraft:wheat":109,"minecraft:stone_slab":4,"minecraft:amethyst_block":2,"minecraft:string":66,"minecraft:raw_copper":49,"minecraft:iron_leggings":11,"minecraft:beetroot":2,"minecraft:activator_rail":4,"minecraft:gold_nugget":4,"minecraft:cobbled_deepslate":183,"minecraft:smooth_stone":5,"minecraft:bucket":3,"minecraft:spruce_planks":262,"minecraft:calcite":31,"minecraft:wooden_shovel":1,"minecraft:iron_pickaxe":28,"minecraft:coal_block":1,"minecraft:iron_boots":10,"minecraft:furnace":2,"minecraft:tipped_arrow":4,"minecraft:golden_helmet":2,"minecraft:stick":71,"minecraft:composter":3,"minecraft:oak_fence":14,"minecraft:torch":256,"minecraft:spruce_stairs":20,"minecraft:porkchop":26,"minecraft:diorite":439,"minecraft:stone_sword":3,"minecraft:rotten_flesh":77,"minecraft:carved_pumpkin":11,"minecraft:obsidian":19,"minecraft:iron_bars":11,"minecraft:snowball":115,"minecraft:cobblestone":2198,"minecraft:enchanting_table":2,"minecraft:cooked_beef":4,"minecraft:iron_door":2,"minecraft:water_bucket":9,"minecraft:andesite":139,"minecraft:smoker":1,"minecraft:potato":408,"minecraft:flint":4,"minecraft:tuff":3,"minecraft:stripped_spruce_wood":6,"minecraft:lapis_lazuli":147,"minecraft:dirt":1403,"minecraft:lantern":2,"minecraft:leather_boots":3,"minecraft:bone":23,"minecraft:bow":9,"minecraft:wheat_seeds":300,"minecraft:raw_gold":40,"minecraft:rabbit":1,"minecraft:glowstone_dust":26,"minecraft:stone_hoe":1,"minecraft:oak_planks":329,"minecraft:cooked_porkchop":15,"minecraft:axolotl_bucket":1,"minecraft:oak_pressure_plate":8,"minecraft:poisonous_potato":1,"minecraft:sand":118,"minecraft:grass_block":3,"minecraft:barrel":18,"minecraft:diamond":16,"minecraft:blue_ice":2,"minecraft:granite":185,"minecraft:bone_meal":4,"minecraft:bread":6,"minecraft:emerald":32,"minecraft:netherrack":88,"minecraft:crimson_roots":9,"minecraft:diamond_pickaxe":2,"minecraft:fishing_rod":2,"minecraft:charcoal":8,"minecraft:crafting_table":20,"minecraft:ladder":3,"minecraft:brown_mushroom":5,"minecraft:diorite_slab":18,"minecraft:chain":9,"minecraft:shield":4,"minecraft:oak_trapdoor":1,"minecraft:red_bed":5,"minecraft:stone_stairs":16,"minecraft:iron_axe":18,"minecraft:wooden_sword":2,"minecraft:flint_and_steel":1,"minecraft:compass":3,"minecraft:iron_shovel":7,"minecraft:cartography_table":1,"minecraft:poppy":45,"minecraft:spruce_slab":10,"minecraft:sugar_cane":59,"minecraft:chest":7,"minecraft:phantom_membrane":3,"minecraft:raw_iron":528,"minecraft:stone":251,"minecraft:spruce_fence":18,"minecraft:carrot":6,"minecraft:redstone":156,"minecraft:weeping_vines":3,"minecraft:arrow":81,"minecraft:stone_shovel":2,"minecraft:beetroot_seeds":11,"minecraft:pumpkin_pie":4,"minecraft:shears":6,"minecraft:white_wool":43,"minecraft:rail":9,"minecraft:leather":2,"minecraft:filled_map":4,"minecraft:crimson_fungus":1,"minecraft:granite_stairs":12,"minecraft:lily_pad":34,"minecraft:golden_boots":1,"minecraft:gunpowder":2,"minecraft:cobblestone_stairs":42,"minecraft:wooden_hoe":1,"minecraft:blue_bed":8,"minecraft:paper":18,"minecraft:white_banner":9,"minecraft:stone_bricks":5,"minecraft:rabbit_hide":1,"minecraft:iron_ingot":96,"minecraft:iron_sword":6,"minecraft:book":96,"minecraft:pumpkin":76,"minecraft:sweet_berries":9,"minecraft:quartz":69,"minecraft:dandelion":13,"minecraft:gravel":74,"minecraft:spruce_sapling":11,"minecraft:white_bed":8,"minecraft:spruce_log":142,"minecraft:spruce_door":4,"minecraft:spider_eye":6,"minecraft:pumpkin_seeds":53,"minecraft:polished_diorite":687,"minecraft:stone_axe":6,"minecraft:iron_helmet":15,"minecraft:diamond_axe":1,"minecraft:baked_potato":405,"minecraft:melon_seeds":6,"minecraft:coal":558,"minecraft:ender_pearl":3},"minecraft:broken":{"minecraft:iron_shovel":4,"minecraft:stone_shovel":1,"minecraft:stone_hoe":1,"minecraft:iron_axe":1,"minecraft:iron_pickaxe":14,"minecraft:iron_helmet":1},"minecraft:dropped":{"minecraft:iron_sword":1,"minecraft:diamond_axe":1,"minecraft:lapis_lazuli":35,"minecraft:oak_pressure_plate":2,"minecraft:baked_potato":71,"minecraft:cooked_porkchop":10,"minecraft:rail":4,"minecraft:flint":2,"minecraft:dirt":68,"minecraft:iron_pickaxe":8,"minecraft:blue_bed":1,"minecraft:bone":1,"minecraft:stone_axe":1,"minecraft:rotten_flesh":5,"minecraft:stone_stairs":10,"minecraft:white_bed":2,"minecraft:poppy":2,"minecraft:rabbit_hide":1,"minecraft:charcoal":2,"minecraft:melon_seeds":3,"minecraft:leather_boots":2,"minecraft:iron_bars":4,"minecraft:water_bucket":2,"minecraft:iron_ingot":102,"minecraft:poisonous_potato":1,"minecraft:iron_helmet":1,"minecraft:cobblestone":69,"minecraft:activator_rail":2,"minecraft:spruce_door":1,"minecraft:spruce_stairs":2,"minecraft:stick":2,"minecraft:lava_bucket":1,"minecraft:diorite":47,"minecraft:torch":42,"minecraft:iron_axe":8,"minecraft:smooth_stone":3,"minecraft:iron_shovel":2,"minecraft:string":3,"minecraft:lily_pad":1,"minecraft:bucket":2,"minecraft:spruce_sapling":1,"minecraft:oak_trapdoor":2,"minecraft:raw_copper":33,"minecraft:raw_iron":13,"minecraft:composter":1,"minecraft:stone_shovel":1,"minecraft:iron_boots":1,"minecraft:shears":1,"minecraft:flint_and_steel":1,"minecraft:filled_map":2,"minecraft:potato":36,"minecraft:stone":278,"minecraft:shield":1,"minecraft:spruce_planks":17,"minecraft:diamond_pickaxe":3,"minecraft:iron_chestplate":3,"minecraft:andesite":60,"minecraft:blue_ice":1,"minecraft:bow":2},"minecraft:killed_by":{"minecraft:creeper":3,"minecraft:pillager":1,"minecraft:vindicator":1,"minecraft:zombie":3,"minecraft:player":3},"minecraft:custom":{"minecraft:animals_bred":21,"minecraft:interact_with_crafting_table":147,"minecraft:open_barrel":199,"minecraft:leave_game":12,"minecraft:time_since_death":22057,"minecraft:sprint_one_cm":1370077,"minecraft:damage_blocked_by_shield":5174,"minecraft:drop":159,"minecraft:talked_to_villager":13,"minecraft:play_time":1044511,"minecraft:deaths":13,"minecraft:jump":8859,"minecraft:interact_with_brewingstand":1,"minecraft:walk_on_water_one_cm":130222,"minecraft:enchant_item":2,"minecraft:interact_with_furnace":283,"minecraft:sleep_in_bed":13,"minecraft:damage_dealt":18004,"minecraft:player_kills":3,"minecraft:crouch_one_cm":65903,"minecraft:interact_with_smoker":38,"minecraft:use_cauldron":5,"minecraft:interact_with_smithing_table":1,"minecraft:mob_kills":79,"minecraft:inspect_hopper":3,"minecraft:climb_one_cm":9519,"minecraft:walk_one_cm":4176472,"minecraft:sneak_time":28543,"minecraft:walk_under_water_one_cm":52762,"minecraft:boat_one_cm":569298,"minecraft:interact_with_blast_furnace":5,"minecraft:total_world_time":1044511,"minecraft:raid_trigger":1,"minecraft:time_since_rest":22129,"minecraft:damage_taken":11132,"minecraft:swim_one_cm":60629,"minecraft:fly_one_cm":1104000,"minecraft:open_chest":482,"minecraft:fall_one_cm":187930},"minecraft:crafted":{"minecraft:oak_planks":148,"minecraft:oak_pressure_plate":5,"minecraft:chain":56,"minecraft:stone":1268,"minecraft:cobblestone_stairs":44,"minecraft:bookshelf":12,"minecraft:iron_bars":16,"minecraft:quartz_block":16,"minecraft:glass":111,"minecraft:iron_boots":2,"minecraft:chest":8,"minecraft:iron_door":6,"minecraft:stone_hoe":1,"minecraft:stone_bricks":40,"minecraft:oak_fence":6,"minecraft:golden_boots":1,"minecraft:granite_stairs":48,"minecraft:wooden_shovel":1,"minecraft:cooked_porkchop":15,"minecraft:crafting_table":3,"minecraft:spruce_planks":408,"minecraft:baked_potato":29,"minecraft:iron_helmet":1,"minecraft:spruce_door":6,"minecraft:wooden_hoe":1,"minecraft:diamond_pickaxe":1,"minecraft:shield":2,"minecraft:stick":196,"minecraft:stone_slab":24,"minecraft:iron_pickaxe":15,"minecraft:iron_ingot":166,"minecraft:snow_block":11,"minecraft:gold_ingot":33,"minecraft:shears":1,"minecraft:wooden_sword":1,"minecraft:oak_door":3,"minecraft:iron_nugget":144,"minecraft:jack_o_lantern":4,"minecraft:bone_meal":24,"minecraft:spruce_fence":48,"minecraft:white_carpet":3,"minecraft:flint_and_steel":2,"minecraft:oak_trapdoor":2,"minecraft:stone_stairs":28,"minecraft:lantern":4,"minecraft:spruce_stairs":16,"minecraft:polished_diorite":204,"minecraft:iron_axe":1,"minecraft:spruce_slab":30,"minecraft:cooked_beef":3,"minecraft:coal_block":11,"minecraft:red_dye":14,"minecraft:iron_sword":1,"minecraft:bucket":4,"minecraft:air":0,"minecraft:oak_boat":1,"minecraft:red_stained_glass":8,"minecraft:iron_shovel":8,"minecraft:iron_leggings":2,"minecraft:white_bed":3,"minecraft:diorite_slab":60,"minecraft:torch":376}},"DataVersion":2730}