{"stats":{"minecraft:mined":{"minecraft:grass_block":1,"minecraft:grass":1,"minecraft:poppy":1,"minecraft:spruce_leaves":5,"minecraft:spruce_log":6,"minecraft:diorite":3},"minecraft:picked_up":{"minecraft:bone":1,"minecraft:stick":2,"minecraft:crafting_table":1,"minecraft:arrow":1,"minecraft:spruce_planks":17,"minecraft:stone_pickaxe":1,"minecraft:poppy":1,"minecraft:diorite":2,"minecraft:spruce_log":6,"minecraft:dirt":1,"minecraft:cobblestone":2},"minecraft:killed_by":{"minecraft:skeleton":1,"minecraft:zombie":1,"minecraft:player":4},"minecraft:used":{"minecraft:dirt":1,"minecraft:stone_pickaxe":5,"minecraft:spruce_planks":13},"minecraft:custom":{"minecraft:time_since_rest":55,"minecraft:crouch_one_cm":1203,"minecraft:walk_one_cm":17011,"minecraft:play_time":11643,"minecraft:sprint_one_cm":29853,"minecraft:damage_taken":4282,"minecraft:deaths":11,"minecraft:sneak_time":675,"minecraft:walk_under_water_one_cm":144,"minecraft:mob_kills":1,"minecraft:jump":416,"minecraft:damage_dealt":381,"minecraft:leave_game":1,"minecraft:time_since_death":0,"minecraft:walk_on_water_one_cm":2626,"minecraft:total_world_time":11643,"minecraft:swim_one_cm":1454,"minecraft:fall_one_cm":40803,"minecraft:fly_one_cm":51829,"minecraft:player_kills":1}},"DataVersion":2730}