{"stats":{"minecraft:used":{"minecraft:chest":3,"minecraft:shield":117,"minecraft:iron_sword":112,"minecraft:trial_key":7,"minecraft:netherrack":7,"minecraft:torch":47,"minecraft:dirt":29,"minecraft:anvil":1,"minecraft:carrot":6,"minecraft:bricks":3,"minecraft:iron_axe":157,"minecraft:bedrock":32,"minecraft:bow":44,"minecraft:golden_carrot":1,"minecraft:goat_horn":54,"minecraft:ominous_bottle":1,"minecraft:furnace":8,"minecraft:cooked_beef":12,"minecraft:potato":2,"minecraft:cobbled_deepslate":4,"minecraft:cooked_mutton":11,"minecraft:baked_potato":2,"minecraft:stone_pickaxe":121,"minecraft:oak_planks":51,"minecraft:wooden_pickaxe":18,"minecraft:golden_apple":1,"minecraft:crafting_table":17,"minecraft:white_bed":9,"minecraft:crossbow":4,"minecraft:dripstone_block":8,"minecraft:apple":1,"minecraft:ominous_trial_key":2,"minecraft:wind_charge":18,"minecraft:bread":52,"minecraft:iron_pickaxe":272,"minecraft:stone_axe":256,"minecraft:cobblestone":92,"minecraft:diamond_sword":89,"minecraft:cooked_porkchop":31,"minecraft:oak_boat":7},"minecraft:picked_up":{"minecraft:lingering_potion":7,"minecraft:iron_chestplate":5,"minecraft:crafting_table":9,"minecraft:allium":1,"minecraft:ominous_bottle":9,"minecraft:splash_potion":8,"minecraft:diamond_sword":3,"minecraft:oak_stairs":58,"minecraft:potion":6,"minecraft:enchanted_book":2,"minecraft:brick":66,"minecraft:shield":7,"minecraft:wind_charge":80,"minecraft:flow_banner_pattern":1,"minecraft:iron_axe":12,"minecraft:iron_leggings":4,"minecraft:cobbled_deepslate":7,"minecraft:beef":26,"minecraft:trial_key":28,"minecraft:oak_boat":6,"minecraft:chiseled_tuff":2,"minecraft:poppy":3,"minecraft:iron_pickaxe":6,"minecraft:guster_pottery_sherd":1,"minecraft:sugar_cane":36,"minecraft:birch_sapling":1,"minecraft:iron_boots":4,"minecraft:furnace":3,"minecraft:tipped_arrow":51,"minecraft:raw_iron":104,"minecraft:stick":13,"minecraft:bamboo_hanging_sign":4,"minecraft:torch":66,"minecraft:fire_charge":16,"minecraft:porkchop":24,"minecraft:waxed_copper_grate":4,"minecraft:pointed_dripstone":7,"minecraft:carrot":10,"minecraft:redstone":22,"minecraft:golden_chestplate":2,"minecraft:goat_horn":3,"minecraft:arrow":181,"minecraft:rotten_flesh":124,"minecraft:honey_bottle":4,"minecraft:diamond_chestplate":2,"minecraft:decorated_pot":12,"minecraft:hay_block":17,"minecraft:gold_ingot":8,"minecraft:tuff_bricks":6,"minecraft:mutton":21,"minecraft:white_wool":17,"minecraft:cobblestone":207,"minecraft:birch_log":7,"minecraft:pink_petals":22,"minecraft:magma_block":1,"minecraft:cooked_beef":1,"minecraft:golden_carrot":5,"minecraft:water_bucket":7,"minecraft:andesite":4,"minecraft:leather":11,"minecraft:potato":2,"minecraft:tuff":15,"minecraft:oak_log":65,"minecraft:waxed_copper_block":3,"minecraft:gunpowder":2,"minecraft:lapis_lazuli":17,"minecraft:dirt":40,"minecraft:white_banner":1,"minecraft:cooked_mutton":13,"minecraft:bone":129,"minecraft:apple":2,"minecraft:bow":16,"minecraft:wheat_seeds":14,"minecraft:raw_gold":10,"minecraft:iron_ingot":84,"minecraft:bolt_armor_trim_smithing_template":6,"minecraft:guster_banner_pattern":3,"minecraft:iron_sword":2,"minecraft:oak_planks":150,"minecraft:honeycomb":68,"minecraft:oak_slab":6,"minecraft:scaffolding":5,"minecraft:cooked_porkchop":15,"minecraft:pumpkin":4,"minecraft:dripstone_block":14,"minecraft:gravel":1,"minecraft:white_bed":5,"minecraft:barrel":5,"minecraft:slime_ball":530,"minecraft:diamond":4,"minecraft:stone_axe":1,"minecraft:waxed_oxidized_copper_grate":3,"minecraft:iron_helmet":5,"minecraft:granite":6,"minecraft:crossbow":3,"minecraft:breeze_rod":16,"minecraft:golden_apple":4,"minecraft:emerald":71,"minecraft:bread":23,"minecraft:baked_potato":12,"minecraft:oak_sapling":6,"minecraft:netherrack":8,"minecraft:bricks":10,"minecraft:ominous_trial_key":7,"minecraft:coal":71,"minecraft:chiseled_tuff_bricks":1},"minecraft:dropped":{"minecraft:guster_pottery_sherd":1,"minecraft:wheat_seeds":4,"minecraft:ominous_bottle":1,"minecraft:cooked_beef":8,"minecraft:decorated_pot":12,"minecraft:cobblestone":5,"minecraft:waxed_copper_grate":4,"minecraft:granite":6,"minecraft:ominous_trial_key":1,"minecraft:stick":9,"minecraft:iron_axe":1,"minecraft:iron_pickaxe":1,"minecraft:gravel":1,"minecraft:bricks":10,"minecraft:stone_axe":1,"minecraft:tuff_bricks":1,"minecraft:sugar_cane":13,"minecraft:golden_chestplate":1,"minecraft:chiseled_tuff_bricks":1,"minecraft:cobbled_deepslate":3,"minecraft:pointed_dripstone":1,"minecraft:rotten_flesh":9,"minecraft:oak_planks":17,"minecraft:cooked_mutton":14,"minecraft:waxed_copper_block":3,"minecraft:poppy":1,"minecraft:shield":1,"minecraft:allium":1,"minecraft:lingering_potion":1,"minecraft:oak_sapling":6,"minecraft:slime_ball":15,"minecraft:bow":2,"minecraft:arrow":7,"minecraft:chiseled_tuff":1,"minecraft:stone_pickaxe":1,"minecraft:splash_potion":1,"minecraft:netherrack":1,"minecraft:brick":6,"minecraft:waxed_oxidized_copper_grate":3},"minecraft:killed":{"minecraft:spider":3,"minecraft:slime":123,"minecraft:skeleton":35,"minecraft:bee":2,"minecraft:silverfish":2,"minecraft:pig":12,"minecraft:iron_golem":3,"minecraft:creeper":2,"minecraft:sheep":17,"minecraft:pillager":15,"minecraft:zombie":57,"minecraft:breeze":6,"minecraft:cow":11},"minecraft:custom":{"minecraft:interact_with_anvil":1,"minecraft:mob_kills":292,"minecraft:interact_with_crafting_table":34,"minecraft:open_barrel":34,"minecraft:bell_ring":1,"minecraft:eat_cake_slice":7,"minecraft:leave_game":8,"minecraft:time_since_death":3997,"minecraft:climb_one_cm":15766,"minecraft:damage_resisted":2018,"minecraft:sprint_one_cm":670880,"minecraft:walk_one_cm":529565,"minecraft:damage_blocked_by_shield":5517,"minecraft:drop":58,"minecraft:play_time":274598,"minecraft:sneak_time":19320,"minecraft:deaths":31,"minecraft:walk_under_water_one_cm":26636,"minecraft:boat_one_cm":433249,"minecraft:jump":5968,"minecraft:walk_on_water_one_cm":32807,"minecraft:total_world_time":274598,"minecraft:interact_with_furnace":53,"minecraft:sleep_in_bed":10,"minecraft:time_since_rest":2923,"minecraft:damage_taken":13081,"minecraft:damage_absorbed":40,"minecraft:damage_dealt":32978,"minecraft:player_kills":6,"minecraft:swim_one_cm":64817,"minecraft:fly_one_cm":1447312,"minecraft:open_chest":74,"minecraft:crouch_one_cm":46602,"minecraft:fall_one_cm":205982,"minecraft:inspect_dispenser":10},"minecraft:mined":{"minecraft:waxed_cut_copper_slab":1,"minecraft:tuff":1,"minecraft:white_bed":5,"minecraft:waxed_oxidized_chiseled_copper":1,"minecraft:granite":3,"minecraft:grass_block":4,"minecraft:decorated_pot":27,"minecraft:chiseled_tuff_bricks":1,"minecraft:moss_block":1,"minecraft:oxeye_daisy":1,"minecraft:tuff_bricks":10,"minecraft:hay_block":17,"minecraft:magma_block":1,"minecraft:waxed_oxidized_cut_copper":1,"minecraft:furnace":3,"minecraft:carrots":1,"minecraft:iron_ore":28,"minecraft:barrel":2,"minecraft:waxed_copper_grate":5,"minecraft:fire":3,"minecraft:cobbled_deepslate":2,"minecraft:pumpkin":4,"minecraft:chiseled_tuff":1,"minecraft:potatoes":2,"minecraft:pointed_dripstone":1,"minecraft:deepslate_iron_ore":13,"minecraft:waxed_weathered_copper_bulb":4,"minecraft:stone":144,"minecraft:deepslate_redstone_ore":5,"minecraft:waxed_exposed_copper_bulb":4,"minecraft:crafting_table":8,"minecraft:torch":3,"minecraft:short_grass":44,"minecraft:chest":1,"minecraft:tall_grass":12,"minecraft:cobblestone":21,"minecraft:deepslate_coal_ore":9,"minecraft:deepslate_gold_ore":7,"minecraft:lapis_ore":3,"minecraft:oak_planks":11,"minecraft:sugar_cane":12,"minecraft:pink_petals":7,"minecraft:seagrass":1,"minecraft:waxed_copper_bulb":3,"minecraft:black_stained_glass":3,"minecraft:light_gray_stained_glass":3,"minecraft:waxed_oxidized_copper_grate":8,"minecraft:birch_log":5,"minecraft:wheat":1,"minecraft:birch_leaves":1,"minecraft:waxed_copper_block":3,"minecraft:coal_ore":47,"minecraft:oak_log":45,"minecraft:gravel":2,"minecraft:flower_pot":2,"minecraft:dripstone_block":1,"minecraft:dirt":15,"minecraft:gold_ore":3,"minecraft:deepslate":33,"minecraft:oak_leaves":15,"minecraft:netherrack":9},"minecraft:killed_by":{"minecraft:player":8,"minecraft:spider":1,"minecraft:skeleton":2,"minecraft:zombie":5},"minecraft:crafted":{"minecraft:oak_planks":124,"minecraft:furnace":5,"minecraft:bone_meal":18,"minecraft:cooked_mutton":22,"minecraft:iron_boots":1,"minecraft:iron_axe":1,"minecraft:stone_pickaxe":1,"minecraft:chest":3,"minecraft:bricks":8,"minecraft:dark_oak_planks":20,"minecraft:wheat":153,"minecraft:cooked_beef":19,"minecraft:diamond_sword":1,"minecraft:cooked_porkchop":16,"minecraft:crafting_table":9,"minecraft:wooden_pickaxe":1,"minecraft:iron_helmet":1,"minecraft:iron_sword":1,"minecraft:birch_planks":28,"minecraft:stone_axe":4,"minecraft:bread":51,"minecraft:air":0,"minecraft:oak_boat":1,"minecraft:iron_chestplate":1,"minecraft:golden_apple":1,"minecraft:shield":3,"minecraft:stick":36,"minecraft:iron_ingot":29,"minecraft:iron_pickaxe":2,"minecraft:iron_block":3,"minecraft:iron_leggings":1,"minecraft:gold_ingot":10,"minecraft:anvil":1,"minecraft:white_bed":4,"minecraft:torch":48},"minecraft:broken":{"minecraft:iron_boots":1,"minecraft:shield":1,"minecraft:stone_axe":2,"minecraft:iron_helmet":1}},"DataVersion":3953}