{"stats":{"minecraft:killed":{"minecraft:salmon":4,"minecraft:spider":1,"minecraft:iron_golem":4,"minecraft:zombie":7,"minecraft:drowned":1},"minecraft:mined":{"minecraft:deepslate_redstone_ore":1,"minecraft:diamond_ore":10,"minecraft:crafting_table":6,"minecraft:grass_block":2,"minecraft:cobblestone":5,"minecraft:deepslate_coal_ore":7,"minecraft:spruce_leaves":4,"minecraft:deepslate_gold_ore":8,"minecraft:sugar_cane":2,"minecraft:blue_bed":1,"minecraft:furnace":2,"minecraft:iron_ore":55,"minecraft:cobbled_deepslate":1,"minecraft:spruce_log":23,"minecraft:grass":5,"minecraft:oak_log":28,"minecraft:coal_ore":75,"minecraft:deepslate_iron_ore":12,"minecraft:dirt_path":2,"minecraft:gravel":2,"minecraft:dirt":7,"minecraft:stone":106,"minecraft:gold_ore":3,"minecraft:oak_leaves":6,"minecraft:deepslate":4,"minecraft:fern":1},"minecraft:picked_up":{"minecraft:crafting_table":7,"minecraft:feather":2,"minecraft:salmon":4,"minecraft:wooden_pickaxe":2,"minecraft:filled_map":1,"minecraft:oak_log":28,"minecraft:shield":1,"minecraft:blue_bed":2,"minecraft:dirt":17,"minecraft:paper":11,"minecraft:experience_bottle":1,"minecraft:bone":2,"minecraft:kelp":4,"minecraft:cobbled_deepslate":6,"minecraft:raw_gold":12,"minecraft:spruce_planks":18,"minecraft:iron_ingot":16,"minecraft:stone_pickaxe":4,"minecraft:poppy":2,"minecraft:iron_nugget":1,"minecraft:iron_pickaxe":1,"minecraft:sugar_cane":4,"minecraft:oak_planks":14,"minecraft:furnace":4,"minecraft:stick":2,"minecraft:raw_iron":85,"minecraft:spyglass":1,"minecraft:gravel":5,"minecraft:diorite":5,"minecraft:spruce_log":25,"minecraft:redstone":8,"minecraft:rotten_flesh":20,"minecraft:arrow":2,"minecraft:diamond":20,"minecraft:spruce_boat":2,"minecraft:iron_helmet":1,"minecraft:oak_sapling":4,"minecraft:coal":105,"minecraft:cobblestone":125,"minecraft:ender_pearl":1},"minecraft:killed_by":{"minecraft:player":1,"minecraft:creeper":1,"minecraft:zombie":1,"minecraft:iron_golem":1,"minecraft:drowned":2},"minecraft:crafted":{"minecraft:oak_planks":20,"minecraft:crafting_table":4,"minecraft:spruce_planks":84,"minecraft:wooden_pickaxe":2,"minecraft:iron_helmet":1,"minecraft:furnace":4,"minecraft:cooked_salmon":4,"minecraft:stone_axe":3,"minecraft:air":0,"minecraft:shield":1,"minecraft:stick":20,"minecraft:iron_ingot":3,"minecraft:iron_pickaxe":1,"minecraft:stone_pickaxe":2,"minecraft:iron_leggings":1,"minecraft:spruce_boat":3},"minecraft:used":{"minecraft:diorite":3,"minecraft:stone_pickaxe":79,"minecraft:wooden_pickaxe":34,"minecraft:shield":7,"minecraft:cooked_salmon":4,"minecraft:blue_bed":1,"minecraft:rotten_flesh":6,"minecraft:dirt":5,"minecraft:spyglass":61,"minecraft:crafting_table":8,"minecraft:spruce_boat":5,"minecraft:apple":1,"minecraft:bread":2,"minecraft:iron_pickaxe":235,"minecraft:gravel":2,"minecraft:stone_axe":96,"minecraft:cobblestone":58,"minecraft:furnace":3,"minecraft:cobbled_deepslate":4},"minecraft:custom":{"minecraft:interact_with_furnace":15,"minecraft:mob_kills":17,"minecraft:interact_with_crafting_table":19,"minecraft:leave_game":6,"minecraft:time_since_death":3668,"minecraft:sleep_in_bed":1,"minecraft:climb_one_cm":5180,"minecraft:time_since_rest":3698,"minecraft:sprint_one_cm":147167,"minecraft:damage_taken":3120,"minecraft:walk_one_cm":191804,"minecraft:damage_blocked_by_shield":560,"minecraft:damage_dealt":6651,"minecraft:swim_one_cm":79839,"minecraft:talked_to_villager":4,"minecraft:player_kills":4,"minecraft:fly_one_cm":263055,"minecraft:open_chest":12,"minecraft:play_time":79599,"minecraft:crouch_one_cm":33838,"minecraft:sneak_time":12627,"minecraft:deaths":10,"minecraft:walk_under_water_one_cm":25170,"minecraft:boat_one_cm":258318,"minecraft:interact_with_brewingstand":1,"minecraft:jump":1449,"minecraft:interact_with_blast_furnace":1,"minecraft:walk_on_water_one_cm":20380,"minecraft:total_world_time":79599,"minecraft:fall_one_cm":54488}},"DataVersion":2730}