{"stats":{"minecraft:used":{"minecraft:tuff_bricks":1,"minecraft:stone_sword":1,"minecraft:flint_and_steel":200,"minecraft:poppy":1,"minecraft:decorated_pot":2,"minecraft:shield":42,"minecraft:iron_sword":104,"minecraft:bell":1,"minecraft:cooked_chicken":2,"minecraft:rotten_flesh":19,"minecraft:trial_key":9,"minecraft:iron_chestplate":1,"minecraft:torch":161,"minecraft:dirt":13,"minecraft:golden_shovel":3,"minecraft:tuff":3,"minecraft:waxed_oxidized_copper_grate":2,"minecraft:bricks":5,"minecraft:iron_axe":172,"minecraft:iron_helmet":3,"minecraft:iron_boots":3,"minecraft:barrel":8,"minecraft:diamond_chestplate":2,"minecraft:golden_sword":10,"minecraft:bow":104,"minecraft:ominous_bottle":1,"minecraft:furnace":6,"minecraft:egg":1,"minecraft:cooked_beef":18,"minecraft:cobbled_deepslate":7,"minecraft:iron_leggings":3,"minecraft:cooked_mutton":26,"minecraft:water_bucket":17,"minecraft:diorite":1,"minecraft:birch_planks":1,"minecraft:stone_pickaxe":379,"minecraft:wooden_pickaxe":7,"minecraft:sugar_cane":3,"minecraft:salmon":5,"minecraft:crafting_table":11,"minecraft:magenta_bed":1,"minecraft:crossbow":9,"minecraft:spider_eye":1,"minecraft:white_bed":5,"minecraft:dripstone_block":6,"minecraft:cake":1,"minecraft:wooden_hoe":21,"minecraft:ominous_trial_key":2,"minecraft:wind_charge":9,"minecraft:iron_pickaxe":166,"minecraft:deepslate":6,"minecraft:gravel":1,"minecraft:stone_axe":140,"minecraft:fire_charge":1,"minecraft:diamond_sword":8,"minecraft:cobblestone":6,"minecraft:cooked_porkchop":6,"minecraft:andesite":1,"minecraft:bucket":19,"minecraft:oak_boat":8},"minecraft:picked_up":{"minecraft:lingering_potion":3,"minecraft:iron_chestplate":6,"minecraft:crafting_table":16,"minecraft:allium":2,"minecraft:ominous_bottle":3,"minecraft:chicken":1,"minecraft:flower_pot":5,"minecraft:diamond_sword":3,"minecraft:potion":3,"minecraft:enchanted_book":4,"minecraft:golden_shovel":1,"minecraft:brick":82,"minecraft:shield":9,"minecraft:golden_sword":1,"minecraft:wind_charge":34,"minecraft:raw_copper":4,"minecraft:waxed_cut_copper_slab":1,"minecraft:flow_banner_pattern":3,"minecraft:iron_axe":12,"minecraft:flint_and_steel":8,"minecraft:iron_leggings":11,"minecraft:cobbled_deepslate":824,"minecraft:bucket":1,"minecraft:trial_key":31,"minecraft:oak_boat":7,"minecraft:chiseled_tuff":1,"minecraft:poppy":3,"minecraft:iron_pickaxe":8,"minecraft:light_gray_wool":1,"minecraft:sugar_cane":3,"minecraft:birch_sapling":1,"minecraft:chest":1,"minecraft:furnace":6,"minecraft:iron_boots":5,"minecraft:egg":1,"minecraft:tipped_arrow":125,"minecraft:stick":7,"minecraft:raw_iron":145,"minecraft:torch":252,"minecraft:fire_charge":1,"minecraft:porkchop":9,"minecraft:waxed_weathered_copper_bulb":3,"minecraft:waxed_copper_grate":2,"minecraft:pointed_dripstone":3,"minecraft:diorite":1,"minecraft:carrot":4,"minecraft:golden_chestplate":5,"minecraft:stone_sword":1,"minecraft:rotten_flesh":107,"minecraft:arrow":303,"minecraft:honey_bottle":7,"minecraft:diamond_chestplate":4,"minecraft:decorated_pot":20,"minecraft:golden_hoe":1,"minecraft:hay_block":18,"minecraft:iron_block":4,"minecraft:tuff_bricks":7,"minecraft:mutton":20,"minecraft:snowball":24,"minecraft:white_wool":10,"minecraft:cobblestone":639,"minecraft:birch_log":191,"minecraft:pink_petals":4,"minecraft:cooked_beef":23,"minecraft:salmon":11,"minecraft:golden_carrot":2,"minecraft:water_bucket":2,"minecraft:andesite":1,"minecraft:golden_leggings":3,"minecraft:birch_planks":14,"minecraft:waxed_copper_bulb":6,"minecraft:tuff":79,"minecraft:oak_log":5,"minecraft:waxed_copper_block":5,"minecraft:gunpowder":4,"minecraft:dirt":62,"minecraft:cooked_mutton":93,"minecraft:bone":48,"minecraft:bow":12,"minecraft:wheat_seeds":4,"minecraft:iron_ingot":63,"minecraft:cooked_chicken":4,"minecraft:bolt_armor_trim_smithing_template":6,"minecraft:iron_sword":3,"minecraft:oak_planks":1,"minecraft:cooked_porkchop":2,"minecraft:pumpkin":1,"minecraft:waxed_exposed_copper_bulb":1,"minecraft:dandelion":6,"minecraft:dripstone_block":17,"minecraft:gravel":8,"minecraft:white_bed":4,"minecraft:dead_bush":3,"minecraft:spider_eye":3,"minecraft:barrel":2,"minecraft:slime_ball":220,"minecraft:diamond":26,"minecraft:stone_axe":4,"minecraft:waxed_oxidized_copper_grate":2,"minecraft:iron_helmet":5,"minecraft:crossbow":2,"minecraft:breeze_rod":38,"minecraft:golden_apple":1,"minecraft:emerald":192,"minecraft:bread":1,"minecraft:baked_potato":15,"minecraft:black_wool":1,"minecraft:bricks":5,"minecraft:ominous_trial_key":1,"minecraft:coal":589,"minecraft:diamond_pickaxe":6,"minecraft:ender_pearl":4},"minecraft:dropped":{"minecraft:ominous_bottle":1,"minecraft:decorated_pot":11,"minecraft:ominous_trial_key":1,"minecraft:stick":5,"minecraft:dead_bush":2,"minecraft:iron_axe":1,"minecraft:birch_log":2,"minecraft:pink_petals":4,"minecraft:stone_axe":1,"minecraft:golden_chestplate":2,"minecraft:stone_sword":1,"minecraft:rotten_flesh":12,"minecraft:waxed_copper_block":1,"minecraft:flint_and_steel":1,"minecraft:shield":1,"minecraft:trial_key":2,"minecraft:golden_leggings":1,"minecraft:barrel":2,"minecraft:spider_eye":1,"minecraft:slime_ball":66,"minecraft:brick":8},"minecraft:killed":{"minecraft:spider":3,"minecraft:slime":79,"minecraft:skeleton":19,"minecraft:silverfish":4,"minecraft:drowned":1,"minecraft:wolf":1,"minecraft:pig":5,"minecraft:salmon":11,"minecraft:creeper":1,"minecraft:sheep":12,"minecraft:pillager":1,"minecraft:zombie":43,"minecraft:breeze":4},"minecraft:custom":{"minecraft:interact_with_anvil":1,"minecraft:mob_kills":185,"minecraft:interact_with_crafting_table":22,"minecraft:open_barrel":44,"minecraft:bell_ring":14,"minecraft:leave_game":6,"minecraft:time_since_death":13796,"minecraft:climb_one_cm":5891,"minecraft:sprint_one_cm":522212,"minecraft:walk_one_cm":533638,"minecraft:damage_blocked_by_shield":1695,"minecraft:drop":30,"minecraft:talked_to_villager":2,"minecraft:play_time":261279,"minecraft:sneak_time":13594,"minecraft:deaths":28,"minecraft:walk_under_water_one_cm":36523,"minecraft:boat_one_cm":505692,"minecraft:jump":4142,"minecraft:walk_on_water_one_cm":78138,"minecraft:total_world_time":261279,"minecraft:interact_with_furnace":48,"minecraft:sleep_in_bed":9,"minecraft:time_since_rest":2483,"minecraft:damage_taken":9301,"minecraft:damage_dealt":16848,"minecraft:player_kills":8,"minecraft:swim_one_cm":109134,"minecraft:fly_one_cm":1034811,"minecraft:open_chest":32,"minecraft:crouch_one_cm":7119,"minecraft:fall_one_cm":105684,"minecraft:inspect_dispenser":13},"minecraft:mined":{"minecraft:tuff":51,"minecraft:white_bed":4,"minecraft:deepslate_diamond_ore":2,"minecraft:allium":3,"minecraft:grass_block":6,"minecraft:decorated_pot":4,"minecraft:tuff_bricks":8,"minecraft:hay_block":18,"minecraft:tall_seagrass":1,"minecraft:furnace":4,"minecraft:iron_ore":44,"minecraft:waxed_copper_grate":2,"minecraft:barrel":2,"minecraft:fire":2,"minecraft:andesite":4,"minecraft:pumpkin":1,"minecraft:chiseled_tuff":1,"minecraft:waxed_weathered_copper_bulb":2,"minecraft:stone":90,"minecraft:waxed_exposed_copper_bulb":1,"minecraft:dandelion":1,"minecraft:crafting_table":10,"minecraft:torch":8,"minecraft:short_grass":23,"minecraft:emerald_ore":1,"minecraft:poppy":2,"minecraft:tall_grass":4,"minecraft:cobblestone":7,"minecraft:sugar_cane":1,"minecraft:oak_planks":2,"minecraft:bricks":1,"minecraft:diorite":1,"minecraft:wall_torch":4,"minecraft:pink_petals":1,"minecraft:waxed_copper_bulb":3,"minecraft:waxed_oxidized_copper_grate":2,"minecraft:birch_log":54,"minecraft:birch_leaves":6,"minecraft:waxed_copper_block":4,"minecraft:bee_nest":1,"minecraft:oak_log":5,"minecraft:coal_ore":13,"minecraft:gravel":4,"minecraft:dripstone_block":3,"minecraft:dirt":10,"minecraft:oak_leaves":7,"minecraft:deepslate":273},"minecraft:killed_by":{"minecraft:player":6,"minecraft:spider":1,"minecraft:skeleton":8,"minecraft:zombie":4},"minecraft:crafted":{"minecraft:oak_planks":20,"minecraft:furnace":2,"minecraft:cooked_mutton":6,"minecraft:iron_boots":1,"minecraft:iron_axe":1,"minecraft:stone_pickaxe":3,"minecraft:magenta_dye":2,"minecraft:cooked_beef":5,"minecraft:magenta_bed":1,"minecraft:crafting_table":3,"minecraft:wooden_pickaxe":1,"minecraft:iron_helmet":1,"minecraft:iron_sword":1,"minecraft:bucket":1,"minecraft:birch_planks":44,"minecraft:stone_axe":3,"minecraft:air":0,"minecraft:oak_boat":1,"minecraft:wooden_hoe":1,"minecraft:iron_chestplate":1,"minecraft:diamond_pickaxe":1,"minecraft:shield":1,"minecraft:stick":36,"minecraft:iron_ingot":40,"minecraft:iron_pickaxe":1,"minecraft:stone_sword":1,"minecraft:iron_leggings":1,"minecraft:torch":24},"minecraft:broken":{"minecraft:stone_pickaxe":3,"minecraft:stone_axe":1}},"DataVersion":3953}