{"stats":{"minecraft:crafted":{"minecraft:iron_boots":1,"minecraft:iron_chestplate":1,"minecraft:shield":1,"minecraft:iron_axe":1,"minecraft:spruce_planks":36,"minecraft:stick":16,"minecraft:iron_helmet":1,"minecraft:wooden_pickaxe":1,"minecraft:iron_ingot":41,"minecraft:iron_pickaxe":1,"minecraft:stone_pickaxe":1,"minecraft:wooden_axe":1,"minecraft:iron_sword":1,"minecraft:iron_shovel":1,"minecraft:iron_leggings":1,"minecraft:furnace":2,"minecraft:spruce_boat":1,"minecraft:bucket":1,"minecraft:stone_axe":1,"minecraft:air":0},"minecraft:used":{"minecraft:spruce_boat":1,"minecraft:wooden_axe":1,"minecraft:redstone_ore":2,"minecraft:iron_axe":1,"minecraft:stone_pickaxe":109,"minecraft:iron_pickaxe":17,"minecraft:iron_helmet":1,"minecraft:wooden_pickaxe":28,"minecraft:stone":32,"minecraft:iron_boots":1,"minecraft:diamond_ore":11,"minecraft:deepslate":48,"minecraft:bedrock":8,"minecraft:iron_chestplate":1,"minecraft:stone_axe":1,"minecraft:cobblestone":12,"minecraft:crafting_table":2,"minecraft:furnace":2,"minecraft:spruce_log":3,"minecraft:iron_leggings":1},"minecraft:mined":{"minecraft:furnace":1,"minecraft:iron_ore":49,"minecraft:spruce_log":12,"minecraft:crafting_table":3,"minecraft:granite":1,"minecraft:coal_ore":27,"minecraft:spruce_leaves":1,"minecraft:stone":75},"minecraft:custom":{"minecraft:time_since_rest":26303,"minecraft:interact_with_furnace":27,"minecraft:sprint_one_cm":15439,"minecraft:walk_one_cm":21463,"minecraft:drop":3,"minecraft:interact_with_crafting_table":12,"minecraft:fly_one_cm":25567,"minecraft:crouch_one_cm":2231,"minecraft:play_time":26303,"minecraft:sneak_time":1254,"minecraft:boat_one_cm":2986,"minecraft:jump":121,"minecraft:leave_game":1,"minecraft:time_since_death":26303,"minecraft:total_world_time":26303,"minecraft:fall_one_cm":2268},"minecraft:dropped":{"minecraft:redstone_ore":1,"minecraft:stone_pickaxe":2},"minecraft:picked_up":{"minecraft:crafting_table":3,"minecraft:raw_iron":86,"minecraft:spruce_log":12,"minecraft:spruce_boat":1,"minecraft:granite":1,"minecraft:stone_pickaxe":2,"minecraft:coal":57,"minecraft:cobblestone":75,"minecraft:furnace":1}},"DataVersion":2730}