{"stats":{"minecraft:killed_by":{"minecraft:player":3},"minecraft:picked_up":{"minecraft:crafting_table":1,"minecraft:iron_chestplate":5,"minecraft:water_bucket":1,"minecraft:andesite":42,"minecraft:potato":173,"minecraft:shield":3,"minecraft:blue_bed":2,"minecraft:dirt":5,"minecraft:string":9,"minecraft:oak_trapdoor":2,"minecraft:raw_copper":22,"minecraft:iron_axe":5,"minecraft:iron_leggings":2,"minecraft:leather_boots":5,"minecraft:bone":2,"minecraft:bow":2,"minecraft:wheat_seeds":1,"minecraft:cobbled_deepslate":3,"minecraft:spruce_planks":24,"minecraft:iron_ingot":75,"minecraft:stone_pickaxe":3,"minecraft:iron_pickaxe":5,"minecraft:iron_sword":4,"minecraft:oak_planks":156,"minecraft:iron_boots":4,"minecraft:stick":27,"minecraft:raw_iron":92,"minecraft:stone":54,"minecraft:spruce_stairs":4,"minecraft:torch":36,"minecraft:oak_pressure_plate":1,"minecraft:poisonous_potato":9,"minecraft:spruce_sapling":4,"minecraft:diorite":15,"minecraft:spruce_log":83,"minecraft:stone_sword":4,"minecraft:rotten_flesh":1,"minecraft:polished_diorite":182,"minecraft:stone_axe":5,"minecraft:shears":1,"minecraft:iron_helmet":3,"minecraft:baked_potato":182,"minecraft:coal":147,"minecraft:cobblestone":35},"minecraft:used":{"minecraft:stone_sword":16,"minecraft:stone_pickaxe":116,"minecraft:baked_potato":19,"minecraft:shield":1,"minecraft:iron_sword":22,"minecraft:leather_boots":1,"minecraft:rotten_flesh":1,"minecraft:iron_chestplate":1,"minecraft:torch":10,"minecraft:dirt":5,"minecraft:crafting_table":1,"minecraft:iron_axe":2,"minecraft:stone_axe":116,"minecraft:cobblestone":68,"minecraft:andesite":16,"minecraft:potato":50,"minecraft:cobbled_deepslate":3},"minecraft:crafted":{"minecraft:coal_block":7,"minecraft:crafting_table":1,"minecraft:spruce_planks":324,"minecraft:iron_helmet":1,"minecraft:iron_sword":1,"minecraft:stone_axe":1,"minecraft:air":0,"minecraft:iron_chestplate":1,"minecraft:iron_boots":1,"minecraft:shield":1,"minecraft:iron_axe":1,"minecraft:stick":20,"minecraft:iron_ingot":26,"minecraft:iron_pickaxe":1,"minecraft:stone_pickaxe":1,"minecraft:stone_sword":1,"minecraft:iron_leggings":1,"minecraft:torch":20},"minecraft:custom":{"minecraft:interact_with_furnace":24,"minecraft:mob_kills":2,"minecraft:interact_with_crafting_table":13,"minecraft:open_barrel":6,"minecraft:leave_game":1,"minecraft:time_since_death":4297,"minecraft:time_since_rest":4376,"minecraft:sprint_one_cm":243232,"minecraft:damage_taken":1738,"minecraft:walk_one_cm":269984,"minecraft:damage_blocked_by_shield":119,"minecraft:drop":41,"minecraft:damage_dealt":1479,"minecraft:player_kills":3,"minecraft:fly_one_cm":165052,"minecraft:open_chest":32,"minecraft:crouch_one_cm":189,"minecraft:play_time":86314,"minecraft:deaths":4,"minecraft:sneak_time":133,"minecraft:walk_under_water_one_cm":1352,"minecraft:jump":1421,"minecraft:interact_with_blast_furnace":12,"minecraft:walk_on_water_one_cm":4510,"minecraft:interact_with_smoker":10,"minecraft:total_world_time":86314,"minecraft:fall_one_cm":23757},"minecraft:mined":{"minecraft:grass_block":1,"minecraft:deepslate_coal_ore":12,"minecraft:spruce_leaves":24,"minecraft:large_fern":1,"minecraft:iron_ore":27,"minecraft:spruce_log":84,"minecraft:andesite":1,"minecraft:potatoes":49,"minecraft:coal_ore":53,"minecraft:deepslate_iron_ore":6,"minecraft:dirt":4,"minecraft:stone":11,"minecraft:deepslate":4},"minecraft:killed":{"minecraft:zombie":2},"minecraft:dropped":{"minecraft:iron_ingot":10,"minecraft:polished_diorite":182,"minecraft:iron_sword":1,"minecraft:stone_axe":1,"minecraft:baked_potato":39,"minecraft:stone_sword":2,"minecraft:crafting_table":1,"minecraft:iron_helmet":1,"minecraft:raw_iron":27,"minecraft:cobblestone":27,"minecraft:oak_planks":104,"minecraft:coal":60,"minecraft:stick":6,"minecraft:stone":54,"minecraft:shield":1,"minecraft:diorite":5,"minecraft:iron_chestplate":1,"minecraft:andesite":1,"minecraft:leather_boots":1,"minecraft:spruce_log":2,"minecraft:bow":1,"minecraft:iron_axe":1,"minecraft:iron_pickaxe":2,"minecraft:string":3,"minecraft:bone":1}},"DataVersion":2730}